episode,reward
0,-314.934488
1,-257.249687
2,-259.449723
3,-258.940138
4,-258.005754
5,-257.878444
6,-257.661644
7,-258.030548
8,-257.500823
9,-257.853158
10,-257.771597
11,-258.937891
12,-258.723517
13,-258.498728
14,-258.232104
15,-259.380581
16,-258.500075
17,-258.399072
18,-258.956937
19,-259.079215
